{
  "single": 0.6669576999993296,
  "battle": 0.5704227999958675,
  "campaign": 0.03174379999836674
}