{
  "single": 0.5586831999999049,
  "battle": 0.08898699999963355,
  "campaign": 0.058292400000027556
}